{
    "cards/": [
        [
            0.0,
            0.5096774193548387,
            0.7387096774193549,
            0.8096774193548387,
            1.0,
            0.7451612903225806,
            0.9838709677419355,
            0.4645161290322581
        ],
        [
            0.45806451612903226,
            0.0,
            0.13548387096774195,
            0.016129032258064516,
            0.9967741935483871,
            0.035483870967741936,
            0.4645161290322581,
            0.0064516129032258064
        ],
        [
            0.24838709677419354,
            0.8483870967741935,
            0.0,
            0.45483870967741935,
            0.5548387096774193,
            0.4838709677419355,
            0.9064516129032258,
            0.23870967741935484
        ],
        [
            0.1774193548387097,
            0.9774193548387097,
            0.5258064516129032,
            0.0,
            0.5096774193548387,
            0.45483870967741935,
            0.0,
            0.0
        ],
        [
            0.0,
            0.0032258064516129032,
            0.4161290322580645,
            0.45483870967741935,
            0.0,
            0.5064516129032258,
            0.967741935483871,
            0.12903225806451613
        ],
        [
            0.21935483870967742,
            0.9419354838709677,
            0.4935483870967742,
            0.5387096774193548,
            0.4483870967741935,
            0.0,
            0.8709677419354839,
            0.23548387096774193
        ],
        [
            0.012903225806451613,
            0.5096774193548387,
            0.06129032258064516,
            1.0,
            0.02903225806451613,
            0.1,
            0.0,
            0.45806451612903226
        ],
        [
            0.4967741935483871,
            0.9935483870967742,
            0.7354838709677419,
            1.0,
            0.8483870967741935,
            0.7387096774193549,
            0.5290322580645161,
            0.0
        ]
    ],
    "card_ties/": [
        [
            0,
            10,
            4,
            4,
            0,
            11,
            1,
            12
        ],
        [
            10,
            0,
            5,
            2,
            0,
            7,
            8,
            0
        ],
        [
            4,
            5,
            1,
            6,
            9,
            7,
            10,
            8
        ],
        [
            4,
            2,
            6,
            0,
            11,
            2,
            0,
            0
        ],
        [
            0,
            0,
            9,
            11,
            0,
            14,
            1,
            7
        ],
        [
            11,
            7,
            7,
            2,
            14,
            0,
            9,
            8
        ],
        [
            1,
            8,
            10,
            0,
            1,
            9,
            0,
            4
        ],
        [
            12,
            0,
            8,
            0,
            7,
            8,
            4,
            0
        ]
    ],
    "tricks/": [
        [
            0.0,
            0.4838709677419355,
            0.6709677419354839,
            0.7612903225806451,
            0.9935483870967742,
            0.7258064516129032,
            0.9806451612903225,
            0.33225806451612905
        ],
        [
            0.3741935483870968,
            0.0,
            0.1064516129032258,
            0.03870967741935484,
            0.9483870967741935,
            0.07419354838709677,
            0.3967741935483871,
            0.0032258064516129032
        ],
        [
            0.16774193548387098,
            0.7774193548387097,
            0.0,
            0.4064516129032258,
            0.3709677419354839,
            0.4096774193548387,
            0.7935483870967742,
            0.12903225806451613
        ],
        [
            0.1,
            0.9193548387096774,
            0.44193548387096776,
            0.0,
            0.44193548387096776,
            0.4483870967741935,
            0.01935483870967742,
            0.0
        ],
        [
            0.0,
            0.016129032258064516,
            0.45806451612903226,
            0.42258064516129035,
            0.0,
            0.4612903225806452,
            0.8870967741935484,
            0.06774193548387097
        ],
        [
            0.15161290322580645,
            0.8032258064516129,
            0.3935483870967742,
            0.4161290322580645,
            0.4064516129032258,
            0.0,
            0.832258064516129,
            0.22580645161290322
        ],
        [
            0.0064516129032258064,
            0.4064516129032258,
            0.10967741935483871,
            0.9225806451612903,
            0.035483870967741936,
            0.1064516129032258,
            0.0,
            0.4
        ],
        [
            0.33548387096774196,
            0.9838709677419355,
            0.7387096774193549,
            0.9935483870967742,
            0.7838709677419354,
            0.6645161290322581,
            0.45161290322580644,
            0.0
        ]
    ],
    "trick_ties/": [
        [
            0,
            44,
            50,
            43,
            2,
            38,
            4,
            103
        ],
        [
            44,
            0,
            36,
            13,
            11,
            38,
            61,
            4
        ],
        [
            50,
            36,
            1,
            47,
            53,
            61,
            30,
            41
        ],
        [
            43,
            13,
            47,
            0,
            42,
            42,
            18,
            2
        ],
        [
            2,
            11,
            53,
            42,
            0,
            41,
            24,
            46
        ],
        [
            38,
            38,
            61,
            42,
            41,
            0,
            19,
            34
        ],
        [
            4,
            61,
            30,
            18,
            24,
            19,
            0,
            46
        ],
        [
            103,
            4,
            41,
            2,
            46,
            34,
            46,
            0
        ]
    ],
    "n": 310
}