{
    "cards/": [
        [
            0.0,
            0.5142857142857142,
            0.7,
            0.7714285714285715,
            1.0,
            0.6285714285714286,
            0.9857142857142858,
            0.5285714285714286
        ],
        [
            0.4714285714285714,
            0.0,
            0.1,
            0.014285714285714285,
            1.0,
            0.014285714285714285,
            0.42857142857142855,
            0.0
        ],
        [
            0.24285714285714285,
            0.8714285714285714,
            0.0,
            0.5428571428571428,
            0.5428571428571428,
            0.4142857142857143,
            0.9285714285714286,
            0.2571428571428571
        ],
        [
            0.18571428571428572,
            0.9857142857142858,
            0.45714285714285713,
            0.0,
            0.5714285714285714,
            0.2714285714285714,
            0.014285714285714285,
            0.0
        ],
        [
            0.0,
            0.0,
            0.44285714285714284,
            0.37142857142857144,
            0.0,
            0.4714285714285714,
            0.9714285714285714,
            0.2
        ],
        [
            0.32857142857142857,
            0.9571428571428572,
            0.5714285714285714,
            0.6714285714285714,
            0.5,
            0.0,
            0.8571428571428571,
            0.2714285714285714
        ],
        [
            0.014285714285714285,
            0.5,
            0.05714285714285714,
            0.9857142857142858,
            0.02857142857142857,
            0.14285714285714285,
            0.0,
            0.5714285714285714
        ],
        [
            0.42857142857142855,
            1.0,
            0.7142857142857143,
            1.0,
            0.7857142857142857,
            0.7,
            0.4,
            0.0
        ]
    ],
    "card_ties/": [
        [
            0,
            1,
            4,
            3,
            0,
            3,
            0,
            3
        ],
        [
            1,
            0,
            2,
            0,
            0,
            2,
            5,
            0
        ],
        [
            4,
            2,
            0,
            0,
            1,
            1,
            1,
            2
        ],
        [
            3,
            0,
            0,
            0,
            4,
            4,
            0,
            0
        ],
        [
            0,
            0,
            1,
            4,
            0,
            2,
            0,
            1
        ],
        [
            3,
            2,
            1,
            4,
            2,
            0,
            0,
            2
        ],
        [
            0,
            5,
            1,
            0,
            0,
            0,
            0,
            2
        ],
        [
            3,
            0,
            2,
            0,
            1,
            2,
            2,
            0
        ]
    ],
    "tricks/": [
        [
            0.0,
            0.4142857142857143,
            0.6428571428571429,
            0.7428571428571429,
            1.0,
            0.6714285714285714,
            0.9857142857142858,
            0.4
        ],
        [
            0.4,
            0.0,
            0.12857142857142856,
            0.02857142857142857,
            0.9428571428571428,
            0.05714285714285714,
            0.42857142857142855,
            0.0
        ],
        [
            0.22857142857142856,
            0.7857142857142857,
            0.0,
            0.5,
            0.4142857142857143,
            0.4,
            0.8142857142857143,
            0.22857142857142856
        ],
        [
            0.14285714285714285,
            0.9571428571428572,
            0.42857142857142855,
            0.0,
            0.5428571428571428,
            0.2857142857142857,
            0.02857142857142857,
            0.0
        ],
        [
            0.0,
            0.04285714285714286,
            0.4,
            0.2857142857142857,
            0.0,
            0.4142857142857143,
            0.9142857142857143,
            0.15714285714285714
        ],
        [
            0.2,
            0.8714285714285714,
            0.44285714285714284,
            0.4857142857142857,
            0.4142857142857143,
            0.0,
            0.8428571428571429,
            0.2571428571428571
        ],
        [
            0.014285714285714285,
            0.4,
            0.08571428571428572,
            0.9428571428571428,
            0.05714285714285714,
            0.1,
            0.0,
            0.4857142857142857
        ],
        [
            0.3,
            1.0,
            0.6428571428571429,
            0.9857142857142858,
            0.7142857142857143,
            0.6285714285714286,
            0.32857142857142857,
            0.0
        ]
    ],
    "trick_ties/": [
        [
            0,
            13,
            9,
            8,
            0,
            9,
            0,
            21
        ],
        [
            13,
            0,
            6,
            1,
            1,
            5,
            12,
            0
        ],
        [
            9,
            6,
            0,
            5,
            13,
            11,
            7,
            9
        ],
        [
            8,
            1,
            5,
            0,
            12,
            16,
            2,
            1
        ],
        [
            0,
            1,
            13,
            12,
            0,
            12,
            2,
            9
        ],
        [
            9,
            5,
            11,
            16,
            12,
            0,
            4,
            8
        ],
        [
            0,
            12,
            7,
            2,
            2,
            4,
            0,
            13
        ],
        [
            21,
            0,
            9,
            1,
            9,
            8,
            13,
            0
        ]
    ],
    "n": 70
}