{
    "cards/": [
        [
            0.0,
            0.5201238390092879,
            0.739938080495356,
            0.804953560371517,
            1.0,
            0.739938080495356,
            0.9845201238390093,
            0.4674922600619195
        ],
        [
            0.44891640866873067,
            0.0,
            0.13622291021671826,
            0.015479876160990712,
            0.9969040247678018,
            0.034055727554179564,
            0.47058823529411764,
            0.006191950464396285
        ],
        [
            0.2476780185758514,
            0.848297213622291,
            0.0,
            0.4582043343653251,
            0.5572755417956656,
            0.47987616099071206,
            0.9102167182662538,
            0.23839009287925697
        ],
        [
            0.17956656346749225,
            0.978328173374613,
            0.5232198142414861,
            0.0,
            0.5015479876160991,
            0.4520123839009288,
            0.0,
            0.0
        ],
        [
            0.0,
            0.0030959752321981426,
            0.4148606811145511,
            0.4613003095975232,
            0.0,
            0.4984520123839009,
            0.9690402476780186,
            0.13312693498452013
        ],
        [
            0.22291021671826625,
            0.9411764705882353,
            0.4953560371517028,
            0.5386996904024768,
            0.4551083591331269,
            0.0,
            0.8730650154798761,
            0.23529411764705882
        ],
        [
            0.01238390092879257,
            0.5046439628482973,
            0.058823529411764705,
            1.0,
            0.02786377708978328,
            0.09907120743034056,
            0.0,
            0.4520123839009288
        ],
        [
            0.49226006191950467,
            0.9938080495356038,
            0.7306501547987616,
            1.0,
            0.8452012383900929,
            0.739938080495356,
            0.5356037151702786,
            0.0
        ]
    ],
    "card_ties/": [
        [
            0,
            10,
            4,
            5,
            0,
            12,
            1,
            13
        ],
        [
            10,
            0,
            5,
            2,
            0,
            8,
            8,
            0
        ],
        [
            4,
            5,
            1,
            6,
            9,
            8,
            10,
            10
        ],
        [
            5,
            2,
            6,
            0,
            12,
            3,
            0,
            0
        ],
        [
            0,
            0,
            9,
            12,
            0,
            15,
            1,
            7
        ],
        [
            12,
            8,
            8,
            3,
            15,
            0,
            9,
            8
        ],
        [
            1,
            8,
            10,
            0,
            1,
            9,
            0,
            4
        ],
        [
            13,
            0,
            10,
            0,
            7,
            8,
            4,
            0
        ]
    ],
    "tricks/": [
        [
            0.0,
            0.49226006191950467,
            0.6718266253869969,
            0.7647058823529411,
            0.9907120743034056,
            0.7213622291021672,
            0.9814241486068112,
            0.33746130030959753
        ],
        [
            0.3653250773993808,
            0.0,
            0.10526315789473684,
            0.04024767801857585,
            0.9473684210526315,
            0.07430340557275542,
            0.4086687306501548,
            0.0030959752321981426
        ],
        [
            0.17027863777089783,
            0.7801857585139319,
            0.0,
            0.4086687306501548,
            0.37770897832817335,
            0.4055727554179567,
            0.7987616099071208,
            0.13312693498452013
        ],
        [
            0.09597523219814241,
            0.9164086687306502,
            0.44272445820433437,
            0.0,
            0.43962848297213625,
            0.4520123839009288,
            0.018575851393188854,
            0.0
        ],
        [
            0.0,
            0.018575851393188854,
            0.4520123839009288,
            0.43034055727554177,
            0.0,
            0.4520123839009288,
            0.891640866873065,
            0.06811145510835913
        ],
        [
            0.1609907120743034,
            0.804953560371517,
            0.39628482972136225,
            0.4148606811145511,
            0.4148606811145511,
            0.0,
            0.826625386996904,
            0.22910216718266255
        ],
        [
            0.006191950464396285,
            0.39628482972136225,
            0.10526315789473684,
            0.9226006191950464,
            0.034055727554179564,
            0.10526315789473684,
            0.0,
            0.39628482972136225
        ],
        [
            0.33746130030959753,
            0.9814241486068112,
            0.7368421052631579,
            0.9938080495356038,
            0.7801857585139319,
            0.6594427244582043,
            0.4582043343653251,
            0.0
        ]
    ],
    "trick_ties/": [
        [
            0,
            46,
            51,
            45,
            3,
            38,
            4,
            105
        ],
        [
            46,
            0,
            37,
            14,
            11,
            39,
            63,
            5
        ],
        [
            51,
            37,
            1,
            48,
            55,
            64,
            31,
            42
        ],
        [
            45,
            14,
            48,
            0,
            42,
            43,
            19,
            2
        ],
        [
            3,
            11,
            55,
            42,
            0,
            43,
            24,
            49
        ],
        [
            38,
            39,
            64,
            43,
            43,
            0,
            22,
            36
        ],
        [
            4,
            63,
            31,
            19,
            24,
            22,
            0,
            47
        ],
        [
            105,
            5,
            42,
            2,
            49,
            36,
            47,
            0
        ]
    ],
    "n": 323
}