{
    "cards/": [
        [
            0.0,
            0.5077792220777922,
            0.7064413558644136,
            0.8036736326367363,
            0.9999800019998,
            0.7261343865613439,
            0.9878642135786422,
            0.48605539446055396
        ],
        [
            0.4725377462253775,
            0.0,
            0.12392860713928606,
            0.036154384561543844,
            0.9976452354764523,
            0.06901109889011099,
            0.47703829617038296,
            0.009501049895010499
        ],
        [
            0.27725327467253275,
            0.8629177082291771,
            0.0,
            0.4846965303469653,
            0.5575932406759324,
            0.4883831616838316,
            0.9178932106789321,
            0.25240975902409757
        ],
        [
            0.17632836716328368,
            0.9555274472552745,
            0.4864733526647335,
            0.0,
            0.48625337466253377,
            0.4203059694030597,
            0.0019198080191980803,
            9.99900009999e-06
        ],
        [
            1.4998500149985002e-05,
            0.0018888111188881112,
            0.4208089191080892,
            0.4847015298470153,
            0.0,
            0.485984401559844,
            0.9555094490550945,
            0.1766873312668733
        ],
        [
            0.25266773322667735,
            0.9170742925707429,
            0.4875942405759424,
            0.5578002199780022,
            0.48525047495250473,
            0.0,
            0.862980701929807,
            0.277015298470153
        ],
        [
            0.009549045095490451,
            0.4786271372862714,
            0.06844015598440156,
            0.9976232376762324,
            0.03610938906109389,
            0.12387961203879612,
            0.0,
            0.47285271472852713
        ],
        [
            0.4851264873512649,
            0.987907209279072,
            0.7263223677632237,
            0.99998500149985,
            0.8031756824317569,
            0.7066543345665434,
            0.5074902509749025,
            0.0
        ]
    ],
    "card_ties/": [
        [
            1333,
            19685,
            16307,
            20000,
            5,
            21200,
            2587,
            28821
        ],
        [
            19685,
            0,
            13155,
            8319,
            466,
            13916,
            44339,
            2592
        ],
        [
            16307,
            13155,
            673,
            28833,
            21600,
            24025,
            13668,
            21270
        ],
        [
            20000,
            8319,
            28833,
            1,
            29048,
            21896,
            457,
            5
        ],
        [
            5,
            466,
            21600,
            29048,
            0,
            28768,
            8382,
            20139
        ],
        [
            21200,
            13916,
            24025,
            21896,
            28768,
            694,
            13141,
            16332
        ],
        [
            2587,
            44339,
            13668,
            457,
            8382,
            13141,
            0,
            19659
        ],
        [
            28821,
            2592,
            21270,
            5,
            20139,
            16332,
            19659,
            1345
        ]
    ],
    "tricks/": [
        [
            0.0,
            0.4402099790020998,
            0.6646785321467853,
            0.7695750424957504,
            0.9948335166483352,
            0.6939286071392861,
            0.9671512848715128,
            0.32521547845215476
        ],
        [
            0.4051104889511049,
            0.0,
            0.11666033396660334,
            0.05174082591740826,
            0.9350644935506449,
            0.11385361463853615,
            0.4091830816918308,
            0.008399160083991601
        ],
        [
            0.21195480451954804,
            0.8004679532046796,
            0.0,
            0.43091690830916907,
            0.44125987401259875,
            0.4060883911608839,
            0.792957704229577,
            0.16825217478252175
        ],
        [
            0.11243175682431757,
            0.8824337566243375,
            0.4322787721227877,
            0.0,
            0.43187881211878815,
            0.42376762323767625,
            0.026265373462653736,
            0.0010708929107089292
        ],
        [
            0.0011378862113788622,
            0.02626037396260374,
            0.4244805519448055,
            0.4308839116088391,
            0.0,
            0.4324197580241976,
            0.8828187181281871,
            0.11344765523447656
        ],
        [
            0.16786621337866214,
            0.7916248375162483,
            0.40575242475752427,
            0.4418198180181982,
            0.4310918908109189,
            0.0,
            0.8011688831116889,
            0.21142185781421857
        ],
        [
            0.008389161083891612,
            0.4099250074992501,
            0.11300569943005699,
            0.9351634836516348,
            0.051907809219078095,
            0.11602639736026397,
            0.0,
            0.4055174482551745
        ],
        [
            0.3242945705429457,
            0.9670282971702829,
            0.6938166183381662,
            0.9948185181481852,
            0.7685771422857715,
            0.6647625237476252,
            0.44021697830216977,
            0.0
        ]
    ],
    "trick_ties/": [
        [
            1333,
            154695,
            123379,
            118005,
            4029,
            138219,
            24462,
            350525
        ],
        [
            154695,
            0,
            82880,
            65832,
            38679,
            94531,
            180910,
            24575
        ],
        [
            123379,
            82880,
            673,
            136818,
            134273,
            188178,
            94046,
            137945
        ],
        [
            118005,
            65832,
            136818,
            1,
            137251,
            134426,
            38575,
            4111
        ],
        [
            4029,
            38679,
            134273,
            137251,
            0,
            136502,
            65280,
            117987
        ],
        [
            138219,
            94531,
            188178,
            134426,
            136502,
            694,
            82813,
            123828
        ],
        [
            24462,
            180910,
            94046,
            38575,
            65280,
            82813,
            0,
            154281
        ],
        [
            350525,
            24575,
            137945,
            4111,
            117987,
            123828,
            154281,
            1345
        ]
    ],
    "n": 1000100
}